officeCode,name,state,district,region,latitude,longitude,pincode,tier,dummy,dataNote
DEMO-0001,Mumbai Head Post Office,Maharashtra,Mumbai,West,19.076,72.8777,400001,GPO,True,Synthetic demo record using representative real India Post office name/PIN conventions; verify against live India Post directory before production.
DEMO-0002,Pune Head Post Office,Maharashtra,Pune,West,18.5204,73.8567,411001,HO,True,Synthetic demo record using representative real India Post office name/PIN conventions; verify against live India Post directory before production.
DEMO-0003,Nagpur Head Post Office,Maharashtra,Nagpur,West,21.1458,79.0882,440001,HO,True,Synthetic demo record using representative real India Post office name/PIN conventions; verify against live India Post directory before production.
DEMO-0004,Nashik Head Post Office,Maharashtra,Nashik,West,19.9975,73.7898,422001,HO,True,Synthetic demo record using representative real India Post office name/PIN conventions; verify against live India Post directory before production.
DEMO-0005,Thane Head Post Office,Maharashtra,Thane,West,19.2183,72.9781,400601,HO,True,Synthetic demo record using representative real India Post office name/PIN conventions; verify against live India Post directory before production.
DEMO-0006,Ahmedabad Head Post Office,Gujarat,Ahmedabad,West,23.0225,72.5714,380001,HO,True,Synthetic demo record using representative real India Post office name/PIN conventions; verify against live India Post directory before production.
DEMO-0007,Surat Head Post Office,Gujarat,Surat,West,21.1702,72.8311,395003,HO,True,Synthetic demo record using representative real India Post office name/PIN conventions; verify against live India Post directory before production.
DEMO-0008,Vadodara Head Post Office,Gujarat,Vadodara,West,22.3072,73.1812,390001,HO,True,Synthetic demo record using representative real India Post office name/PIN conventions; verify against live India Post directory before production.
DEMO-0009,Rajkot Head Post Office,Gujarat,Rajkot,West,22.3039,70.8022,360001,HO,True,Synthetic demo record using representative real India Post office name/PIN conventions; verify against live India Post directory before production.
DEMO-0010,Bhavnagar Head Post Office,Gujarat,Bhavnagar,West,21.7645,72.1519,364001,HO,True,Synthetic demo record using representative real India Post office name/PIN conventions; verify against live India Post directory before production.
DEMO-0011,Jaipur Head Post Office,Rajasthan,Jaipur,North West,26.9124,75.7873,302001,HO,True,Synthetic demo record using representative real India Post office name/PIN conventions; verify against live India Post directory before production.
DEMO-0012,Jodhpur Head Post Office,Rajasthan,Jodhpur,North West,26.2389,73.0243,342001,HO,True,Synthetic demo record using representative real India Post office name/PIN conventions; verify against live India Post directory before production.
DEMO-0013,Udaipur Head Post Office,Rajasthan,Udaipur,North West,24.5854,73.7125,313001,HO,True,Synthetic demo record using representative real India Post office name/PIN conventions; verify against live India Post directory before production.
DEMO-0014,Kota Head Post Office,Rajasthan,Kota,North West,25.2138,75.8648,324001,HO,True,Synthetic demo record using representative real India Post office name/PIN conventions; verify against live India Post directory before production.
DEMO-0015,Ajmer Head Post Office,Rajasthan,Ajmer,North West,26.4499,74.6399,305001,HO,True,Synthetic demo record using representative real India Post office name/PIN conventions; verify against live India Post directory before production.
DEMO-0016,New Delhi Head Post Office,Delhi,New Delhi,Delhi,28.6139,77.209,110001,GPO,True,Synthetic demo record using representative real India Post office name/PIN conventions; verify against live India Post directory before production.
DEMO-0017,Delhi Cantt Head Post Office,Delhi,Delhi Cantt,Delhi,28.596,77.14,110010,HO,True,Synthetic demo record using representative real India Post office name/PIN conventions; verify against live India Post directory before production.
DEMO-0018,Karol Bagh Head Post Office,Delhi,Karol Bagh,Delhi,28.6519,77.1909,110005,HO,True,Synthetic demo record using representative real India Post office name/PIN conventions; verify against live India Post directory before production.
DEMO-0019,Rohini Head Post Office,Delhi,Rohini,Delhi,28.7495,77.0565,110085,SO,True,Synthetic demo record using representative real India Post office name/PIN conventions; verify against live India Post directory before production.
DEMO-0020,Bengaluru Head Post Office,Karnataka,Bengaluru,South Karnataka,12.9716,77.5946,560001,GPO,True,Synthetic demo record using representative real India Post office name/PIN conventions; verify against live India Post directory before production.
DEMO-0021,Mysuru Head Post Office,Karnataka,Mysuru,South Karnataka,12.2958,76.6394,570001,HO,True,Synthetic demo record using representative real India Post office name/PIN conventions; verify against live India Post directory before production.
DEMO-0022,Mangaluru Head Post Office,Karnataka,Mangaluru,South Karnataka,12.9141,74.856,575001,HO,True,Synthetic demo record using representative real India Post office name/PIN conventions; verify against live India Post directory before production.
DEMO-0023,Hubballi Head Post Office,Karnataka,Hubballi,North Karnataka,15.3647,75.124,580020,HO,True,Synthetic demo record using representative real India Post office name/PIN conventions; verify against live India Post directory before production.
DEMO-0024,Belagavi Head Post Office,Karnataka,Belagavi,North Karnataka,15.8497,74.4977,590001,HO,True,Synthetic demo record using representative real India Post office name/PIN conventions; verify against live India Post directory before production.
DEMO-0025,Chennai Head Post Office,Tamil Nadu,Chennai,Chennai,13.0827,80.2707,600001,GPO,True,Synthetic demo record using representative real India Post office name/PIN conventions; verify against live India Post directory before production.
DEMO-0026,Coimbatore Head Post Office,Tamil Nadu,Coimbatore,Western Tamil Nadu,11.0168,76.9558,641001,HO,True,Synthetic demo record using representative real India Post office name/PIN conventions; verify against live India Post directory before production.
DEMO-0027,Madurai Head Post Office,Tamil Nadu,Madurai,Madurai,9.9252,78.1198,625001,HO,True,Synthetic demo record using representative real India Post office name/PIN conventions; verify against live India Post directory before production.
DEMO-0028,Tiruchirappalli Head Post Office,Tamil Nadu,Tiruchirappalli,Central Tamil Nadu,10.7905,78.7047,620001,HO,True,Synthetic demo record using representative real India Post office name/PIN conventions; verify against live India Post directory before production.
DEMO-0029,Salem Head Post Office,Tamil Nadu,Salem,Western Tamil Nadu,11.6643,78.146,636001,HO,True,Synthetic demo record using representative real India Post office name/PIN conventions; verify against live India Post directory before production.
DEMO-0030,Hyderabad Head Post Office,Telangana,Hyderabad,Telangana,17.385,78.4867,500001,GPO,True,Synthetic demo record using representative real India Post office name/PIN conventions; verify against live India Post directory before production.
DEMO-0031,Warangal Head Post Office,Telangana,Warangal,Telangana,17.9689,79.5941,506002,HO,True,Synthetic demo record using representative real India Post office name/PIN conventions; verify against live India Post directory before production.
DEMO-0032,Nizamabad Head Post Office,Telangana,Nizamabad,Telangana,18.6725,78.0941,503001,HO,True,Synthetic demo record using representative real India Post office name/PIN conventions; verify against live India Post directory before production.
DEMO-0033,Karimnagar Head Post Office,Telangana,Karimnagar,Telangana,18.4386,79.1288,505001,HO,True,Synthetic demo record using representative real India Post office name/PIN conventions; verify against live India Post directory before production.
DEMO-0034,Kolkata Head Post Office,West Bengal,Kolkata,South Bengal,22.5726,88.3639,700001,GPO,True,Synthetic demo record using representative real India Post office name/PIN conventions; verify against live India Post directory before production.
DEMO-0035,Siliguri Head Post Office,West Bengal,Siliguri,North Bengal,26.7271,88.3953,734001,HO,True,Synthetic demo record using representative real India Post office name/PIN conventions; verify against live India Post directory before production.
DEMO-0036,Durgapur Head Post Office,West Bengal,Durgapur,South Bengal,23.5204,87.3119,713201,HO,True,Synthetic demo record using representative real India Post office name/PIN conventions; verify against live India Post directory before production.
DEMO-0037,Asansol Head Post Office,West Bengal,Asansol,South Bengal,23.6739,87.106,713301,HO,True,Synthetic demo record using representative real India Post office name/PIN conventions; verify against live India Post directory before production.
DEMO-0038,Lucknow Head Post Office,Uttar Pradesh,Lucknow,Lucknow,26.8467,80.9462,226001,HO,True,Synthetic demo record using representative real India Post office name/PIN conventions; verify against live India Post directory before production.
DEMO-0039,Kanpur Head Post Office,Uttar Pradesh,Kanpur,Kanpur,26.4499,80.3319,208001,HO,True,Synthetic demo record using representative real India Post office name/PIN conventions; verify against live India Post directory before production.
DEMO-0040,Varanasi Head Post Office,Uttar Pradesh,Varanasi,Varanasi,25.3176,82.9739,221001,HO,True,Synthetic demo record using representative real India Post office name/PIN conventions; verify against live India Post directory before production.
DEMO-0041,Agra Head Post Office,Uttar Pradesh,Agra,Agra,27.1767,78.0081,282001,HO,True,Synthetic demo record using representative real India Post office name/PIN conventions; verify against live India Post directory before production.
DEMO-0042,Prayagraj Head Post Office,Uttar Pradesh,Prayagraj,Allahabad,25.4358,81.8463,211001,HO,True,Synthetic demo record using representative real India Post office name/PIN conventions; verify against live India Post directory before production.
DEMO-0043,Bhopal Head Post Office,Madhya Pradesh,Bhopal,Bhopal,23.2599,77.4126,462001,HO,True,Synthetic demo record using representative real India Post office name/PIN conventions; verify against live India Post directory before production.
DEMO-0044,Indore Head Post Office,Madhya Pradesh,Indore,Indore,22.7196,75.8577,452001,HO,True,Synthetic demo record using representative real India Post office name/PIN conventions; verify against live India Post directory before production.
DEMO-0045,Gwalior Head Post Office,Madhya Pradesh,Gwalior,Gwalior,26.2183,78.1828,474001,HO,True,Synthetic demo record using representative real India Post office name/PIN conventions; verify against live India Post directory before production.
DEMO-0046,Jabalpur Head Post Office,Madhya Pradesh,Jabalpur,Jabalpur,23.1815,79.9864,482001,HO,True,Synthetic demo record using representative real India Post office name/PIN conventions; verify against live India Post directory before production.
DEMO-0047,Patna Head Post Office,Bihar,Patna,Patna HQ,25.5941,85.1376,800001,GPO,True,Synthetic demo record using representative real India Post office name/PIN conventions; verify against live India Post directory before production.
DEMO-0048,Gaya Head Post Office,Bihar,Gaya,Gaya,24.7914,85.0002,823001,HO,True,Synthetic demo record using representative real India Post office name/PIN conventions; verify against live India Post directory before production.
DEMO-0049,Muzaffarpur Head Post Office,Bihar,Muzaffarpur,Muzaffarpur,26.1209,85.3647,842001,HO,True,Synthetic demo record using representative real India Post office name/PIN conventions; verify against live India Post directory before production.
DEMO-0050,Bhagalpur Head Post Office,Bihar,Bhagalpur,Bhagalpur,25.2425,86.9842,812001,HO,True,Synthetic demo record using representative real India Post office name/PIN conventions; verify against live India Post directory before production.
DEMO-0051,Bhubaneswar Head Post Office,Odisha,Bhubaneswar,Bhubaneswar,20.2961,85.8245,751001,HO,True,Synthetic demo record using representative real India Post office name/PIN conventions; verify against live India Post directory before production.
DEMO-0052,Cuttack Head Post Office,Odisha,Cuttack,Cuttack,20.4625,85.883,753001,HO,True,Synthetic demo record using representative real India Post office name/PIN conventions; verify against live India Post directory before production.
DEMO-0053,Rourkela Head Post Office,Odisha,Rourkela,Sundargarh,22.2604,84.8536,769001,HO,True,Synthetic demo record using representative real India Post office name/PIN conventions; verify against live India Post directory before production.
DEMO-0054,Sambalpur Head Post Office,Odisha,Sambalpur,Sambalpur,21.4669,83.9812,768001,HO,True,Synthetic demo record using representative real India Post office name/PIN conventions; verify against live India Post directory before production.
DEMO-0055,Thiruvananthapuram Head Post Office,Kerala,Thiruvananthapuram,Kerala,8.5241,76.9366,695001,GPO,True,Synthetic demo record using representative real India Post office name/PIN conventions; verify against live India Post directory before production.
DEMO-0056,Kochi Head Post Office,Kerala,Kochi,Kochi,9.9312,76.2673,682001,HO,True,Synthetic demo record using representative real India Post office name/PIN conventions; verify against live India Post directory before production.
DEMO-0057,Kozhikode Head Post Office,Kerala,Kozhikode,North Kerala,11.2588,75.7804,673001,HO,True,Synthetic demo record using representative real India Post office name/PIN conventions; verify against live India Post directory before production.
DEMO-0058,Thrissur Head Post Office,Kerala,Thrissur,Central Kerala,10.5276,76.2144,680001,HO,True,Synthetic demo record using representative real India Post office name/PIN conventions; verify against live India Post directory before production.
DEMO-0059,Visakhapatnam Head Post Office,Andhra Pradesh,Visakhapatnam,Visakhapatnam,17.6868,83.2185,530001,HO,True,Synthetic demo record using representative real India Post office name/PIN conventions; verify against live India Post directory before production.
DEMO-0060,Vijayawada Head Post Office,Andhra Pradesh,Vijayawada,Vijayawada,16.5062,80.648,520001,HO,True,Synthetic demo record using representative real India Post office name/PIN conventions; verify against live India Post directory before production.
DEMO-0061,Tirupati Head Post Office,Andhra Pradesh,Tirupati,Tirupati,13.6288,79.4192,517501,HO,True,Synthetic demo record using representative real India Post office name/PIN conventions; verify against live India Post directory before production.
DEMO-0062,Guntur Head Post Office,Andhra Pradesh,Guntur,Guntur,16.3067,80.4365,522002,HO,True,Synthetic demo record using representative real India Post office name/PIN conventions; verify against live India Post directory before production.
DEMO-0063,Amritsar Head Post Office,Punjab,Amritsar,Punjab,31.634,74.8723,143001,HO,True,Synthetic demo record using representative real India Post office name/PIN conventions; verify against live India Post directory before production.
DEMO-0064,Ludhiana Head Post Office,Punjab,Ludhiana,Punjab,30.901,75.8573,141001,HO,True,Synthetic demo record using representative real India Post office name/PIN conventions; verify against live India Post directory before production.
DEMO-0065,Jalandhar Head Post Office,Punjab,Jalandhar,Punjab,31.326,75.5762,144001,HO,True,Synthetic demo record using representative real India Post office name/PIN conventions; verify against live India Post directory before production.
DEMO-0066,Patiala Head Post Office,Punjab,Patiala,Punjab,30.3398,76.3869,147001,HO,True,Synthetic demo record using representative real India Post office name/PIN conventions; verify against live India Post directory before production.
DEMO-0067,Gurugram Head Post Office,Haryana,Gurugram,Gurugram,28.4595,77.0266,122001,HO,True,Synthetic demo record using representative real India Post office name/PIN conventions; verify against live India Post directory before production.
DEMO-0068,Faridabad Head Post Office,Haryana,Faridabad,Faridabad,28.4089,77.3178,121001,HO,True,Synthetic demo record using representative real India Post office name/PIN conventions; verify against live India Post directory before production.
DEMO-0069,Panipat Head Post Office,Haryana,Panipat,Karnal,29.3909,76.9635,132103,HO,True,Synthetic demo record using representative real India Post office name/PIN conventions; verify against live India Post directory before production.
DEMO-0070,Hisar Head Post Office,Haryana,Hisar,Hisar,29.1492,75.7217,125001,HO,True,Synthetic demo record using representative real India Post office name/PIN conventions; verify against live India Post directory before production.
DEMO-0071,Ranchi Head Post Office,Jharkhand,Ranchi,Ranchi,23.3441,85.3096,834001,HO,True,Synthetic demo record using representative real India Post office name/PIN conventions; verify against live India Post directory before production.
DEMO-0072,Jamshedpur Head Post Office,Jharkhand,Jamshedpur,Singhbhum,22.8046,86.2029,831001,HO,True,Synthetic demo record using representative real India Post office name/PIN conventions; verify against live India Post directory before production.
DEMO-0073,Dhanbad Head Post Office,Jharkhand,Dhanbad,Dhanbad,23.7957,86.4304,826001,HO,True,Synthetic demo record using representative real India Post office name/PIN conventions; verify against live India Post directory before production.
DEMO-0074,Bokaro Head Post Office,Jharkhand,Bokaro,Dhanbad,23.6693,86.1511,827001,HO,True,Synthetic demo record using representative real India Post office name/PIN conventions; verify against live India Post directory before production.
DEMO-0075,Raipur Head Post Office,Chhattisgarh,Raipur,Raipur,21.2514,81.6296,492001,HO,True,Synthetic demo record using representative real India Post office name/PIN conventions; verify against live India Post directory before production.
DEMO-0076,Bhilai Head Post Office,Chhattisgarh,Bhilai,Durg,21.1938,81.3509,490001,HO,True,Synthetic demo record using representative real India Post office name/PIN conventions; verify against live India Post directory before production.
DEMO-0077,Bilaspur Head Post Office,Chhattisgarh,Bilaspur,Bilaspur,22.0797,82.1391,495001,HO,True,Synthetic demo record using representative real India Post office name/PIN conventions; verify against live India Post directory before production.
DEMO-0078,Korba Head Post Office,Chhattisgarh,Korba,Bilaspur,22.3595,82.7501,495677,HO,True,Synthetic demo record using representative real India Post office name/PIN conventions; verify against live India Post directory before production.
DEMO-0079,Dehradun Head Post Office,Uttarakhand,Dehradun,Dehradun,30.3165,78.0322,248001,HO,True,Synthetic demo record using representative real India Post office name/PIN conventions; verify against live India Post directory before production.
DEMO-0080,Haridwar Head Post Office,Uttarakhand,Haridwar,Haridwar,29.9457,78.1642,249401,HO,True,Synthetic demo record using representative real India Post office name/PIN conventions; verify against live India Post directory before production.
DEMO-0081,Haldwani Head Post Office,Uttarakhand,Haldwani,Nainital,29.2183,79.513,263139,HO,True,Synthetic demo record using representative real India Post office name/PIN conventions; verify against live India Post directory before production.
DEMO-0082,Rishikesh Head Post Office,Uttarakhand,Rishikesh,Dehradun,30.0869,78.2676,249201,HO,True,Synthetic demo record using representative real India Post office name/PIN conventions; verify against live India Post directory before production.
DEMO-0083,Shimla Head Post Office,Himachal Pradesh,Shimla,Shimla,31.1048,77.1734,171001,HO,True,Synthetic demo record using representative real India Post office name/PIN conventions; verify against live India Post directory before production.
DEMO-0084,Dharamshala Head Post Office,Himachal Pradesh,Dharamshala,Kangra,32.219,76.3234,176215,HO,True,Synthetic demo record using representative real India Post office name/PIN conventions; verify against live India Post directory before production.
DEMO-0085,Mandi Head Post Office,Himachal Pradesh,Mandi,Mandi,31.708,76.932,175001,HO,True,Synthetic demo record using representative real India Post office name/PIN conventions; verify against live India Post directory before production.
DEMO-0086,Solan Head Post Office,Himachal Pradesh,Solan,Solan,30.9045,77.0967,173212,HO,True,Synthetic demo record using representative real India Post office name/PIN conventions; verify against live India Post directory before production.
DEMO-0087,Guwahati Head Post Office,Assam,Guwahati,Assam,26.1445,91.7362,781001,GPO,True,Synthetic demo record using representative real India Post office name/PIN conventions; verify against live India Post directory before production.
DEMO-0088,Dibrugarh Head Post Office,Assam,Dibrugarh,Upper Assam,27.4728,94.912,786001,HO,True,Synthetic demo record using representative real India Post office name/PIN conventions; verify against live India Post directory before production.
DEMO-0089,Silchar Head Post Office,Assam,Silchar,Barak Valley,24.8333,92.7789,788001,HO,True,Synthetic demo record using representative real India Post office name/PIN conventions; verify against live India Post directory before production.
DEMO-0090,Jorhat Head Post Office,Assam,Jorhat,Upper Assam,26.7509,94.2037,785001,HO,True,Synthetic demo record using representative real India Post office name/PIN conventions; verify against live India Post directory before production.
DEMO-0091,Srinagar Head Post Office,Jammu and Kashmir,Srinagar,Kashmir,34.0837,74.7973,190001,HO,True,Synthetic demo record using representative real India Post office name/PIN conventions; verify against live India Post directory before production.
DEMO-0092,Jammu Head Post Office,Jammu and Kashmir,Jammu,Jammu,32.7266,74.857,180001,HO,True,Synthetic demo record using representative real India Post office name/PIN conventions; verify against live India Post directory before production.
DEMO-0093,Anantnag Head Post Office,Jammu and Kashmir,Anantnag,Kashmir,33.7311,75.1487,192101,HO,True,Synthetic demo record using representative real India Post office name/PIN conventions; verify against live India Post directory before production.
DEMO-0094,Baramulla Head Post Office,Jammu and Kashmir,Baramulla,Kashmir,34.198,74.3636,193101,HO,True,Synthetic demo record using representative real India Post office name/PIN conventions; verify against live India Post directory before production.
DEMO-0095,Panaji Head Post Office,Goa,Panaji,Goa,15.4909,73.8278,403001,HO,True,Synthetic demo record using representative real India Post office name/PIN conventions; verify against live India Post directory before production.
DEMO-0096,Margao Head Post Office,Goa,Margao,Goa,15.2832,73.9862,403601,HO,True,Synthetic demo record using representative real India Post office name/PIN conventions; verify against live India Post directory before production.
DEMO-0097,Mapusa Head Post Office,Goa,Mapusa,Goa,15.5915,73.8086,403507,HO,True,Synthetic demo record using representative real India Post office name/PIN conventions; verify against live India Post directory before production.
DEMO-0098,Ponda Head Post Office,Goa,Ponda,Goa,15.4032,74.0154,403401,HO,True,Synthetic demo record using representative real India Post office name/PIN conventions; verify against live India Post directory before production.
DEMO-0099,Agartala Head Post Office,Tripura,Agartala,Tripura,23.8315,91.2868,799001,HO,True,Synthetic demo record using representative real India Post office name/PIN conventions; verify against live India Post directory before production.
DEMO-0100,Dharmanagar Head Post Office,Tripura,Dharmanagar,North Tripura,24.3667,92.1667,799250,HO,True,Synthetic demo record using representative real India Post office name/PIN conventions; verify against live India Post directory before production.
DEMO-0101,Udaipur Tripura Head Post Office,Tripura,Udaipur,South Tripura,23.5333,91.4833,799120,HO,True,Synthetic demo record using representative real India Post office name/PIN conventions; verify against live India Post directory before production.
DEMO-0102,Kailashahar Head Post Office,Tripura,Kailashahar,North Tripura,24.3317,92.003,799277,HO,True,Synthetic demo record using representative real India Post office name/PIN conventions; verify against live India Post directory before production.
DEMO-0103,Shillong Head Post Office,Meghalaya,Shillong,Meghalaya,25.5788,91.8933,793001,HO,True,Synthetic demo record using representative real India Post office name/PIN conventions; verify against live India Post directory before production.
DEMO-0104,Tura Head Post Office,Meghalaya,Tura,Meghalaya,25.5146,90.203,794001,HO,True,Synthetic demo record using representative real India Post office name/PIN conventions; verify against live India Post directory before production.
DEMO-0105,Jowai Head Post Office,Meghalaya,Jowai,Meghalaya,25.45,92.2,793150,HO,True,Synthetic demo record using representative real India Post office name/PIN conventions; verify against live India Post directory before production.
DEMO-0106,Nongpoh Head Post Office,Meghalaya,Nongpoh,Meghalaya,25.9,91.88,793102,HO,True,Synthetic demo record using representative real India Post office name/PIN conventions; verify against live India Post directory before production.
DEMO-0107,Imphal Head Post Office,Manipur,Imphal,Manipur,24.817,93.9368,795001,HO,True,Synthetic demo record using representative real India Post office name/PIN conventions; verify against live India Post directory before production.
DEMO-0108,Thoubal Head Post Office,Manipur,Thoubal,Manipur,24.638,94.01,795138,HO,True,Synthetic demo record using representative real India Post office name/PIN conventions; verify against live India Post directory before production.
DEMO-0109,Churachandpur Head Post Office,Manipur,Churachandpur,Manipur,24.3333,93.6833,795128,HO,True,Synthetic demo record using representative real India Post office name/PIN conventions; verify against live India Post directory before production.
DEMO-0110,Ukhrul Head Post Office,Manipur,Ukhrul,Manipur,25.095,94.361,795142,HO,True,Synthetic demo record using representative real India Post office name/PIN conventions; verify against live India Post directory before production.
DEMO-0111,Kohima Head Post Office,Nagaland,Kohima,Nagaland,25.6751,94.1086,797001,HO,True,Synthetic demo record using representative real India Post office name/PIN conventions; verify against live India Post directory before production.
DEMO-0112,Dimapur Head Post Office,Nagaland,Dimapur,Nagaland,25.8629,93.7531,797112,HO,True,Synthetic demo record using representative real India Post office name/PIN conventions; verify against live India Post directory before production.
DEMO-0113,Mokokchung Head Post Office,Nagaland,Mokokchung,Nagaland,26.322,94.518,798601,HO,True,Synthetic demo record using representative real India Post office name/PIN conventions; verify against live India Post directory before production.
DEMO-0114,Tuensang Head Post Office,Nagaland,Tuensang,Nagaland,26.267,94.824,798612,HO,True,Synthetic demo record using representative real India Post office name/PIN conventions; verify against live India Post directory before production.
DEMO-0115,Itanagar Head Post Office,Arunachal Pradesh,Itanagar,Arunachal Pradesh,27.0844,93.6053,791111,HO,True,Synthetic demo record using representative real India Post office name/PIN conventions; verify against live India Post directory before production.
DEMO-0116,Tawang Head Post Office,Arunachal Pradesh,Tawang,Arunachal Pradesh,27.586,91.859,790104,HO,True,Synthetic demo record using representative real India Post office name/PIN conventions; verify against live India Post directory before production.
DEMO-0117,Pasighat Head Post Office,Arunachal Pradesh,Pasighat,Arunachal Pradesh,28.066,95.326,791102,HO,True,Synthetic demo record using representative real India Post office name/PIN conventions; verify against live India Post directory before production.
DEMO-0118,Naharlagun Head Post Office,Arunachal Pradesh,Naharlagun,Arunachal Pradesh,27.104,93.696,791110,HO,True,Synthetic demo record using representative real India Post office name/PIN conventions; verify against live India Post directory before production.
DEMO-0119,Aizawl Head Post Office,Mizoram,Aizawl,Mizoram,23.7271,92.7176,796001,HO,True,Synthetic demo record using representative real India Post office name/PIN conventions; verify against live India Post directory before production.
DEMO-0120,Lunglei Head Post Office,Mizoram,Lunglei,Mizoram,22.887,92.735,796701,HO,True,Synthetic demo record using representative real India Post office name/PIN conventions; verify against live India Post directory before production.
DEMO-0121,Champhai Head Post Office,Mizoram,Champhai,Mizoram,23.467,93.327,796321,HO,True,Synthetic demo record using representative real India Post office name/PIN conventions; verify against live India Post directory before production.
DEMO-0122,Kolasib Head Post Office,Mizoram,Kolasib,Mizoram,24.223,92.678,796081,HO,True,Synthetic demo record using representative real India Post office name/PIN conventions; verify against live India Post directory before production.
DEMO-0123,Gangtok Head Post Office,Sikkim,Gangtok,Sikkim,27.3389,88.6065,737101,HO,True,Synthetic demo record using representative real India Post office name/PIN conventions; verify against live India Post directory before production.
DEMO-0124,Namchi Head Post Office,Sikkim,Namchi,Sikkim,27.1667,88.35,737126,HO,True,Synthetic demo record using representative real India Post office name/PIN conventions; verify against live India Post directory before production.
DEMO-0125,Gyalshing Head Post Office,Sikkim,Gyalshing,Sikkim,27.288,88.266,737111,HO,True,Synthetic demo record using representative real India Post office name/PIN conventions; verify against live India Post directory before production.
DEMO-0126,Mangan Head Post Office,Sikkim,Mangan,Sikkim,27.508,88.533,737116,HO,True,Synthetic demo record using representative real India Post office name/PIN conventions; verify against live India Post directory before production.
DEMO-0127,Puducherry Head Post Office,Puducherry,Puducherry,Puducherry,11.9416,79.8083,605001,HO,True,Synthetic demo record using representative real India Post office name/PIN conventions; verify against live India Post directory before production.
DEMO-0128,Karaikal Head Post Office,Puducherry,Karaikal,Puducherry,10.9254,79.838,609602,HO,True,Synthetic demo record using representative real India Post office name/PIN conventions; verify against live India Post directory before production.
DEMO-0129,Mahe Head Post Office,Puducherry,Mahe,Puducherry,11.701,75.534,673310,HO,True,Synthetic demo record using representative real India Post office name/PIN conventions; verify against live India Post directory before production.
DEMO-0130,Yanam Head Post Office,Puducherry,Yanam,Puducherry,16.7333,82.2167,533464,HO,True,Synthetic demo record using representative real India Post office name/PIN conventions; verify against live India Post directory before production.
DEMO-0131,Chandigarh Head Post Office,Chandigarh,Chandigarh,Chandigarh,30.7333,76.7794,160017,HO,True,Synthetic demo record using representative real India Post office name/PIN conventions; verify against live India Post directory before production.
DEMO-0132,Port Blair Head Post Office,Andaman and Nicobar Islands,Port Blair,Andaman and Nicobar Islands,11.6234,92.7265,744101,HO,True,Synthetic demo record using representative real India Post office name/PIN conventions; verify against live India Post directory before production.
DEMO-0133,Diglipur Head Post Office,Andaman and Nicobar Islands,Diglipur,Andaman and Nicobar Islands,13.266,93.0,744202,HO,True,Synthetic demo record using representative real India Post office name/PIN conventions; verify against live India Post directory before production.
DEMO-0134,Leh Head Post Office,Ladakh,Leh,Ladakh,34.1526,77.5771,194101,HO,True,Synthetic demo record using representative real India Post office name/PIN conventions; verify against live India Post directory before production.
DEMO-0135,Kargil Head Post Office,Ladakh,Kargil,Ladakh,34.5539,76.1349,194103,HO,True,Synthetic demo record using representative real India Post office name/PIN conventions; verify against live India Post directory before production.
DEMO-0136,Daman Head Post Office,Dadra and Nagar Haveli and Daman and Diu,Daman,Dadra and Nagar Haveli and Daman and Diu,20.3974,72.8328,396210,HO,True,Synthetic demo record using representative real India Post office name/PIN conventions; verify against live India Post directory before production.
DEMO-0137,Silvassa Head Post Office,Dadra and Nagar Haveli and Daman and Diu,Silvassa,Dadra and Nagar Haveli and Daman and Diu,20.2763,73.0083,396230,HO,True,Synthetic demo record using representative real India Post office name/PIN conventions; verify against live India Post directory before production.
DEMO-0138,Diu Head Post Office,Dadra and Nagar Haveli and Daman and Diu,Diu,Dadra and Nagar Haveli and Daman and Diu,20.7144,70.987,362520,HO,True,Synthetic demo record using representative real India Post office name/PIN conventions; verify against live India Post directory before production.
DEMO-0139,Kavaratti Head Post Office,Lakshadweep,Kavaratti,Lakshadweep,10.5669,72.642,682555,HO,True,Synthetic demo record using representative real India Post office name/PIN conventions; verify against live India Post directory before production.
DEMO-0140,Agatti Head Post Office,Lakshadweep,Agatti,Lakshadweep,10.856,72.195,682553,SO,True,Synthetic demo record using representative real India Post office name/PIN conventions; verify against live India Post directory before production.
